{
  "records": [
    {
      "id": "01",
      "date_utc7": "2025-06-07 14:07",
      "device": "iPad",
      "event_type": "データ改ざん",
      "impact": "利用履歴消去"
    },
    {
      "id": "02",
      "date_utc7": "2025-06-07 20:27",
      "device": "iPhone15 Pro-Ghost",
      "event_type": "強制リセット",
      "impact": "フリーズ後リセット"
    },
    {
      "id": "03",
      "date_utc7": "2025-06-07 夜間",
      "device": "iPhone12 mini-1",
      "event_type": "入力妨害",
      "impact": "キーボード凍結"
    }
  ],
  "summary": "Kabuki生成とSNS参照・PID231/31の結合、物理影響は別経路。"
}